{"nm":"exclamação animation","ddd":0,"h":500,"w":500,"meta":{"g":"LottieFiles AE 0.1.20"},"layers":[{"ty":4,"nm":"exclamation","sr":1,"st":0,"op":80,"ip":0,"hd":false,"ddd":0,"bm":0,"hasMask":false,"ao":0,"ks":{"a":{"a":0,"k":[16.613,83.692,0],"ix":1},"s":{"a":1,"k":[{"o":{"x":0.333,"y":0},"i":{"x":0.667,"y":1},"s":[90,90,100],"t":7},{"o":{"x":0.333,"y":0},"i":{"x":0.667,"y":1},"s":[93,93,100],"t":10},{"o":{"x":0.167,"y":0},"i":{"x":0.833,"y":1},"s":[90,90,100],"t":13},{"o":{"x":0.333,"y":0},"i":{"x":0.667,"y":1},"s":[90,90,100],"t":41},{"o":{"x":0.333,"y":0},"i":{"x":0.667,"y":1},"s":[93,93,100],"t":44},{"s":[90,90,100],"t":47}],"ix":6},"sk":{"a":0,"k":0},"p":{"a":1,"k":[{"o":{"x":0.333,"y":0},"i":{"x":0.667,"y":1},"s":[258.4,231.36,0],"t":7,"ti":[0,0,0],"to":[0,-1.06,0]},{"o":{"x":0.333,"y":0},"i":{"x":0.667,"y":1},"s":[258.4,225,0],"t":10,"ti":[0,-1.06,0],"to":[0,0,0]},{"o":{"x":0.167,"y":0},"i":{"x":0.833,"y":1},"s":[258.4,231.36,0],"t":13,"ti":[0,1.06,0],"to":[0,1.06,0]},{"o":{"x":0.333,"y":0},"i":{"x":0.667,"y":1},"s":[258.4,231.36,0],"t":41,"ti":[0,0,0],"to":[0,-1.06,0]},{"o":{"x":0.333,"y":0},"i":{"x":0.667,"y":1},"s":[258.4,225,0],"t":44,"ti":[0,-1.06,0],"to":[0,0,0]},{"s":[258.4,231.36,0],"t":47}],"ix":2},"r":{"a":0,"k":0,"ix":10},"sa":{"a":0,"k":0},"o":{"a":0,"k":100,"ix":11}},"ef":[],"shapes":[{"ty":"gr","bm":0,"hd":false,"mn":"ADBE Vector Group","nm":"Group 1","ix":1,"cix":2,"np":2,"it":[{"ty":"sh","bm":0,"hd":false,"mn":"ADBE Vector Shape - Group","nm":"Path 1","ix":1,"d":1,"ks":{"a":0,"k":{"c":true,"i":[[9.037,0],[0,0],[0,9.038],[-9.037,0],[0,-9.037]],"o":[[0,0],[-9.037,0],[0,-9.037],[9.037,0],[0,9.038]],"v":[[0,16.363],[0,16.363],[-16.363,0],[0,-16.363],[16.363,0]]},"ix":2}},{"ty":"fl","bm":0,"hd":false,"mn":"ADBE Vector Graphic - Fill","nm":"Fill 1","c":{"a":0,"k":[1,1,1],"ix":4},"r":1,"o":{"a":0,"k":100,"ix":5}},{"ty":"tr","a":{"a":0,"k":[0,0],"ix":1},"s":{"a":0,"k":[100,100],"ix":3},"sk":{"a":0,"k":0,"ix":4},"p":{"a":0,"k":[16.613,150.771],"ix":2},"r":{"a":0,"k":0,"ix":6},"sa":{"a":0,"k":0,"ix":5},"o":{"a":0,"k":100,"ix":7}}]},{"ty":"gr","bm":0,"hd":false,"mn":"ADBE Vector Group","nm":"Group 2","ix":2,"cix":2,"np":2,"it":[{"ty":"sh","bm":0,"hd":false,"mn":"ADBE Vector Shape - Group","nm":"Path 1","ix":1,"d":1,"ks":{"a":0,"k":{"c":true,"i":[[8.134,0],[0,0],[0,8.134],[0,0],[-8.133,0],[0,-8.134],[0,0]],"o":[[0,0],[-8.133,0],[0,0],[0,-8.134],[8.134,0],[0,0],[0,8.134]],"v":[[0,59.999],[0,59.999],[-14.727,45.271],[-14.727,-45.271],[0,-59.999],[14.727,-45.271],[14.727,45.271]]},"ix":2}},{"ty":"fl","bm":0,"hd":false,"mn":"ADBE Vector Graphic - Fill","nm":"Fill 1","c":{"a":0,"k":[1,1,1],"ix":4},"r":1,"o":{"a":0,"k":100,"ix":5}},{"ty":"tr","a":{"a":0,"k":[0,0],"ix":1},"s":{"a":0,"k":[100,100],"ix":3},"sk":{"a":0,"k":0,"ix":4},"p":{"a":0,"k":[16.613,60.249],"ix":2},"r":{"a":0,"k":0,"ix":6},"sa":{"a":0,"k":0,"ix":5},"o":{"a":0,"k":100,"ix":7}}]}],"ind":1},{"ty":4,"nm":"stroke circle","sr":1,"st":0,"op":90,"ip":0,"hd":false,"ddd":0,"bm":0,"hasMask":false,"ao":0,"ks":{"a":{"a":0,"k":[146,146,0],"ix":1},"s":{"a":0,"k":[100,100,100],"ix":6},"sk":{"a":0,"k":0},"p":{"a":0,"k":[258.4,231.36,0],"ix":2},"r":{"a":0,"k":0,"ix":10},"sa":{"a":0,"k":0},"o":{"a":0,"k":100,"ix":11}},"ef":[],"shapes":[{"ty":"gr","bm":0,"hd":false,"mn":"ADBE Vector Group","nm":"Group 1","ix":1,"cix":2,"np":2,"it":[{"ty":"sh","bm":0,"hd":false,"mn":"ADBE Vector Shape - Group","nm":"Path 1","ix":1,"d":1,"ks":{"a":0,"k":{"c":true,"i":[[-77.872,0],[0,-77.872],[77.872,0],[0,77.872]],"o":[[77.872,0],[0,77.872],[-77.872,0],[0,-77.872]],"v":[[0,-141],[141,0],[0,141],[-141,0]]},"ix":2}},{"ty":"st","bm":0,"hd":false,"mn":"ADBE Vector Graphic - Stroke","nm":"Stroke 1","lc":1,"lj":1,"ml":10,"o":{"a":0,"k":100,"ix":4},"w":{"a":0,"k":3,"ix":5},"c":{"a":0,"k":[0.1294,0.5882,0.9529],"ix":3}},{"ty":"tr","a":{"a":0,"k":[0,0],"ix":1},"s":{"a":1,"k":[{"o":{"x":0.333,"y":0},"i":{"x":0.667,"y":1},"s":[90,90],"t":30},{"s":[120,120],"t":78}],"ix":3},"sk":{"a":0,"k":0,"ix":4},"p":{"a":0,"k":[146,146],"ix":2},"r":{"a":0,"k":0,"ix":6},"sa":{"a":0,"k":0,"ix":5},"o":{"a":1,"k":[{"o":{"x":0.333,"y":0},"i":{"x":0.667,"y":1},"s":[90],"t":30},{"s":[0],"t":79}],"ix":7}}]}],"ind":2},{"ty":4,"nm":"stroke circle 2","sr":1,"st":0,"op":90,"ip":0,"hd":false,"ddd":0,"bm":0,"hasMask":false,"ao":0,"ks":{"a":{"a":0,"k":[146,146,0],"ix":1},"s":{"a":0,"k":[100,100,100],"ix":6},"sk":{"a":0,"k":0},"p":{"a":0,"k":[258.4,231.36,0],"ix":2},"r":{"a":0,"k":0,"ix":10},"sa":{"a":0,"k":0},"o":{"a":0,"k":100,"ix":11}},"ef":[],"shapes":[{"ty":"gr","bm":0,"hd":false,"mn":"ADBE Vector Group","nm":"Group 1","ix":1,"cix":2,"np":2,"it":[{"ty":"sh","bm":0,"hd":false,"mn":"ADBE Vector Shape - Group","nm":"Path 1","ix":1,"d":1,"ks":{"a":0,"k":{"c":true,"i":[[-77.872,0],[0,-77.872],[77.872,0],[0,77.872]],"o":[[77.872,0],[0,77.872],[-77.872,0],[0,-77.872]],"v":[[0,-141],[141,0],[0,141],[-141,0]]},"ix":2}},{"ty":"st","bm":0,"hd":false,"mn":"ADBE Vector Graphic - Stroke","nm":"Stroke 1","lc":1,"lj":1,"ml":10,"o":{"a":0,"k":100,"ix":4},"w":{"a":0,"k":3,"ix":5},"c":{"a":0,"k":[0.1294,0.5882,0.9529],"ix":3}},{"ty":"tr","a":{"a":0,"k":[0,0],"ix":1},"s":{"a":1,"k":[{"o":{"x":0.333,"y":0},"i":{"x":0.667,"y":1},"s":[90,90],"t":0},{"s":[120,120],"t":48}],"ix":3},"sk":{"a":0,"k":0,"ix":4},"p":{"a":0,"k":[146,146],"ix":2},"r":{"a":0,"k":0,"ix":6},"sa":{"a":0,"k":0,"ix":5},"o":{"a":1,"k":[{"o":{"x":0.333,"y":0},"i":{"x":0.667,"y":1},"s":[90],"t":0},{"s":[0],"t":49}],"ix":7}}]}],"ind":3},{"ty":4,"nm":"circle","sr":1,"st":0,"op":90,"ip":0,"hd":false,"ddd":0,"bm":0,"hasMask":false,"ao":0,"ks":{"a":{"a":0,"k":[130.82,130.82,0],"ix":1},"s":{"a":0,"k":[100,100,100],"ix":6},"sk":{"a":0,"k":0},"p":{"a":0,"k":[258.4,231.36,0],"ix":2},"r":{"a":0,"k":0,"ix":10},"sa":{"a":0,"k":0},"o":{"a":0,"k":100,"ix":11}},"ef":[],"shapes":[{"ty":"gr","bm":0,"hd":false,"mn":"ADBE Vector Group","nm":"Group 1","ix":1,"cix":2,"np":2,"it":[{"ty":"sh","bm":0,"hd":false,"mn":"ADBE Vector Shape - Group","nm":"Path 1","ix":1,"d":1,"ks":{"a":0,"k":{"c":true,"i":[[-72.112,0],[0,-72.112],[72.111,0],[0,72.111]],"o":[[72.111,0],[0,72.111],[-72.112,0],[0,-72.112]],"v":[[0,-130.57],[130.57,0],[0,130.57],[-130.57,0]]},"ix":2}},{"ty":"fl","bm":0,"hd":false,"mn":"ADBE Vector Graphic - Fill","nm":"Fill 1","c":{"a":0,"k":[0.1294,0.5882,0.9529],"ix":4},"r":1,"o":{"a":0,"k":100,"ix":5}},{"ty":"tr","a":{"a":0,"k":[0,0],"ix":1},"s":{"a":0,"k":[100,100],"ix":3},"sk":{"a":0,"k":0,"ix":4},"p":{"a":0,"k":[130.82,130.82],"ix":2},"r":{"a":0,"k":0,"ix":6},"sa":{"a":0,"k":0,"ix":5},"o":{"a":0,"k":100,"ix":7}}]}],"ind":4}],"v":"5.5.7","fr":30,"op":80,"ip":0,"assets":[]}